visibility,windBearing,temperature,precipType,icon,humidity,summary
10.85,248,2.82,rain,clear-day,0.96,Clear
11.1,247,3.2,rain,clear-day,0.98,Clear
13.23,227,7.93,rain,clear-day,0.74,Clear
10.85,135,12.79,rain,clear-day,0.79,Clear
11.84,NA,13.19,rain,clear-day,0.77,Clear
12.46,NA,12.68,rain,clear-day,0.8,Clear
11.81,NA,11.34,rain,clear-day,0.85,Clear
13.53,NA,11.81,rain,clear-night,0.81,Clear
12.99,NA,10.91,rain,NA,0.86,Clear
13.05,NA,10.81,rain,clear-night,0.86,Clear
12.92,NA,10.64,rain,clear-night,0.84,Clear
12.96,NA,9.86,rain,clear-night,0.88,Clear
10.17,NA,15.99,rain,cloudy,0.85,Overcast
10.41,NA,16.43,rain,cloudy,0.86,Overcast
11.8,NA,16.52,rain,cloudy,0.89,Overcast
9.37,212,16.96,rain,cloudy,0.88,Overcast
7.56,204,12.09,rain,cloudy,0.96,Overcast
7.74,205,12.68,NA,cloudy,0.94,Overcast
8.01,207,13.32,NA,cloudy,0.93,Overcast
7.63,48,5.63,rain,cloudy,0.89,NA
10.04,46,6.82,rain,cloudy,0.83,NA
8.47,189,11.51,rain,cloudy,0.93,NA
7.77,192,11.95,rain,cloudy,0.92,Overcast
2.14,108,7.63,rain,fog,0.96,Foggy
2.46,65,11.31,rain,fog,0.94,Foggy
2.61,72,11.27,rain,fog,0.94,Foggy
2.43,77,10.89,rain,fog,0.95,Foggy
2.24,84,10.83,rain,fog,0.94,Foggy
2.46,94,10.81,rain,fog,0.94,Foggy
12.6,262,11.16,rain,partly-cloudy-day,0.85,Partly Cloudy
13.07,262,10.82,rain,partly-cloudy-day,0.83,Partly Cloudy
12.96,263,11.28,rain,NA,0.69,Partly Cloudy
13.52,269,11.23,rain,NA,0.61,Partly Cloudy
12.63,252,10.79,rain,NA,0.64,Partly Cloudy
12.63,255,10.68,rain,NA,0.65,NA
13.63,187,10.82,rain,NA,0.85,NA
11.65,261,16.27,rain,NA,0.92,NA
11.89,224,16.63,rain,NA,0.9,NA
12.91,238,18.21,rain,NA,0.73,NA
13.44,244,17.64,rain,partly-cloudy-night,0.76,Partly Cloudy
13.87,228,11.44,rain,partly-cloudy-night,0.89,Partly Cloudy
12.41,217,11.44,NA,partly-cloudy-night,0.9,Partly Cloudy
12.59,211,11.57,NA,partly-cloudy-night,0.92,Partly Cloudy
12.89,215,12.05,NA,partly-cloudy-night,0.92,Partly Cloudy
13.15,217,12.47,NA,partly-cloudy-night,0.87,Partly Cloudy
12.59,232,14.57,NA,partly-cloudy-night,0.8,Partly Cloudy
13.44,69,10.02,NA,partly-cloudy-night,0.79,Partly Cloudy
13.33,64,9.56,NA,partly-cloudy-night,0.81,Partly Cloudy
13.26,61,9.42,rain,partly-cloudy-night,0.81,Mostly Cloudy
NA,62,9.72,rain,partly-cloudy-night,0.8,Mostly Cloudy
NA,77,9.22,rain,partly-cloudy-night,0.8,Partly Cloudy
NA,74,8.72,rain,partly-cloudy-night,0.8,Partly Cloudy
NA,77,NA,rain,partly-cloudy-night,0.83,Partly Cloudy
NA,75,NA,rain,partly-cloudy-night,0.89,NA
NA,189,NA,rain,wind,0.72,NA
NA,189,NA,rain,wind,0.76,NA
NA,186,NA,rain,wind,0.86,NA
9.22,201,NA,rain,wind,0.86,NA
10.24,213,NA,rain,wind,0.76,Breezy and Partly Cloudy
12.97,226,7.79,rain,wind,0.64,Breezy and Mostly Cloudy
12.68,233,6.72,rain,wind,0.61,Breezy
12.68,233,5.82,rain,wind,0.67,Breezy
13.34,232,5.56,rain,NA,0.67,Breezy
11.41,220,9.71,rain,NA,0.65,Windy
11.15,221,8.86,rain,NA,0.72,Windy
12.39,228,8.59,rain,NA,0.65,Windy and Mostly Cloudy
12.38,227,8.63,rain,NA,0.65,Windy and Mostly Cloudy
12.13,231,8.55,rain,NA,0.65,Windy and Mostly Cloudy
12.13,230,9.44,rain,NA,0.65,NA
12.13,235,9.38,rain,NA,0.67,Windy and Mostly Cloudy
12.13,234,9.9,rain,wind,0.63,Windy and Mostly Cloudy
11.35,235,9.41,rain,wind,0.66,NA
11.35,242,9.36,rain,wind,0.67,Breezy
10.96,248,9.02,rain,wind,0.66,Breezy and Partly Cloudy
12.13,253,8.54,rain,wind,0.68,Breezy
